{
  "project_info": {
    "project_number": "966624842733",
    "project_id": "testubi2-613c9",
    "storage_bucket": "testubi2-613c9.firebasestorage.app"
  },
  "client": [
    {
      "client_info": {
        "mobilesdk_app_id": "1:966624842733:android:8b1b36253df342553a8de4",
        "android_client_info": {
          "package_name": "com.example.testubi2"
        }
      },
      "oauth_client": [],
      "api_key": [
        {
          "current_key": "AIzaSyDbdNGqvFNviwmEfrE3xt9B3wkfliQEOeI"
        }
      ],
      "services": {
        "appinvite_service": {
          "other_platform_oauth_client": []
        }
      }
    }
  ],
  "configuration_version": "1"
}